{
    "train_loss": [
        0.8371647894382477,
        0.7939814329147339,
        0.7483218610286713,
        0.7060879468917847,
        0.6937568783760071,
        0.6519731283187866,
        0.6333487927913666,
        0.6214485466480255,
        0.5945142209529877,
        0.5723177492618561,
        0.5636198222637177,
        0.544941246509552,
        0.5421295464038849,
        0.5177240669727325,
        0.512103945016861,
        0.48992250859737396,
        0.48394063115119934,
        0.47243429720401764,
        0.4681713581085205,
        0.44963423907756805
    ],
    "train_dice": [
        0.02377099171280861,
        0.03078223392367363,
        0.03801268711686134,
        0.04404396191239357,
        0.04662569798529148,
        0.05743643268942833,
        0.06228673830628395,
        0.06140492297708988,
        0.06699137017130852,
        0.0710124783217907,
        0.07172321528196335,
        0.07728638499975204,
        0.07469385862350464,
        0.08318622037768364,
        0.08124084770679474,
        0.09485098719596863,
        0.09609753265976906,
        0.10798617452383041,
        0.10894796997308731,
        0.13525278866291046
    ],
    "val_dice": [
        0.01709889806807041,
        0.011461741290986538,
        0.016607066616415977,
        0.020953623577952385,
        0.03196939453482628,
        0.04204853996634483,
        0.050664473325014114,
        0.0553264319896698,
        0.059285327792167664,
        0.059640586376190186,
        0.05836759880185127,
        0.05884985998272896,
        0.06066849082708359,
        0.0649603083729744,
        0.06902704387903214,
        0.07440841197967529,
        0.0803983211517334,
        0.08956918865442276,
        0.10035748034715652,
        0.10868163406848907
    ]
}