{
    "train_loss": [
        1.3904668259066204,
        0.9128083267877268,
        0.7569620567698812,
        0.6432457885076833,
        0.5364764194155849,
        0.43217315230258674,
        0.3505586170872977,
        0.28918215909669565,
        0.2457122878972874,
        0.21407205143640207,
        0.17922117543774982,
        0.15525631190732467,
        0.1360731953105261,
        0.12200802218082339,
        0.11122138226448103,
        0.10216520674699961,
        0.09240187825851662,
        0.08565076735130576,
        0.07868425773326741,
        0.07435936732001083
    ],
    "train_dice": [
        0.7824809939362282,
        1.6942579579907795,
        1.8977005537166152,
        1.9265838445619095,
        1.942639905352925,
        1.9472618103027344,
        1.9515866124352743,
        1.9558716707451398,
        1.955460925434911,
        1.9546032395473747,
        1.9594031045603197,
        1.962111007335574,
        1.964279707088027,
        1.965603140897529,
        1.966176055198492,
        1.9669009363928507,
        1.9685640556867732,
        1.9700983624125636,
        1.9713246545126273,
        1.970855712890625
    ],
    "val_dice": [
        1.1313980950249567,
        1.8615659077962239,
        1.9112989637586806,
        1.9303521050347223,
        1.9398604498969183,
        1.9452247619628906,
        1.9474411010742188,
        1.9469871520996094,
        1.9472058614095051,
        1.9533428615993924,
        1.9503890143500433,
        1.954835679796007,
        1.9561564127604167,
        1.9555867513020833,
        1.9555464850531683,
        1.9555206298828125,
        1.956470913357205,
        1.9579590691460504,
        1.9587830437554254,
        1.9585567050509982
    ]
}